"ER.","HER2.","TNBC","MeanDecreaseAccuracy","MeanDecreaseGini","gene"
2.37022731569989,0,4.30840020926716,4.05025594389103,0.336157107271813,"ENSG00000075461"
1.85021033733688,1.41705050316284,2.39445425176691,2.51105849045275,0.158061757128321,"ENSG00000163803"
0.57754281555789,-0.817041456918251,1.91070777763391,1.51137502024316,0.155204003839298,"ENSG00000002587"
2.75501956931788,0,2.63059095201082,2.86211988676431,0.138783318315671,"ENSG00000083307"
2.0716769761626,-0.57754281555789,2.74580681334888,2.52852506863046,0.138381823731824,"ENSG00000109472"
2.05122521012367,-1.73727046020804,1.8900072778509,1.83635318329534,0.136721431836138,"ENSG00000088002"
1.70266414755955,2.00804832225625,2.6822780041828,2.61414236603669,0.133356182792096,"ENSG00000115363"
2.24435388659846,0,2.15068551299853,2.39481234438373,0.113390986790987,"ENSG00000248896"
1.94881009766875,0,-0.245348973356786,1.52429410122911,0.111957189542484,"ENSG00000233622"
2.46432029045072,0,1.93675179153525,2.34153629724923,0.0990204991087344,"ENSG00000163141"
2.14793159805948,-1.00100150250438,1.48811269151394,1.73550664762306,0.0962209950180538,"ENSG00000085831"
1.63736530665978,-1.00100150250438,1.69975302666866,1.80793471148556,0.0955785381285381,"ENSG00000113494"
2.29230197460212,-1.00100150250438,2.1872155544263,2.47592032399578,0.0912732499526617,"ENSG00000233823"
1.41705050316284,-0.57754281555789,0.600500649597259,0.602671346496107,0.0894987012987013,"ENSG00000104332"
2.3269502762573,0,1.64421024210884,2.13894076868574,0.0889345598845599,"ENSG00000227051"
1.73727046020804,-1.00100150250438,1.72627616719944,1.7394969288432,0.0888075884899414,"ENSG00000230552"
1.00100150250438,-1.00100150250438,1.28959193642382,0.872705347182405,0.0885330150241915,"ENSG00000120262"
1.61006778528067,-1.41705050316284,1.8746073501683,1.46198475227156,0.0837289044289044,"ENSG00000133424"
0.341921696588424,1.00100150250438,-0.88339410345221,-0.0219931762241261,0.0836333333333333,"ENSG00000186446"
0,1.14859096884849,2.14383215899842,1.9846003551334,0.0829701812463423,"ENSG00000166147"
1.67131567616219,0,1.67131567616219,1.94743095983377,0.0827721076309312,"ENSG00000254615"
2.05332457250051,-1.67131567616219,1.55486617110802,1.38173633106115,0.0825064307381645,"ENSG00000179447"
1.67594568898395,0,1.8634136124667,2.33599186466284,0.0825036519036519,"ENSG00000169067"
1.26693979201741,-1.26693979201741,1.65958391281122,1.06587119385732,0.0797322615293203,"ENSG00000230978"
1.41705050316284,-1.00100150250438,1.40834895880057,1.1523199683309,0.0787790856202621,"ENSG00000249421"
1.00100150250438,0,2.03798076515671,1.93508852599944,0.0780142524142524,"ENSG00000136999"
1.63736530665978,-1.00100150250438,1.71058924980998,2.21959459877665,0.0774352836705778,"ENSG00000186868"
-0.632708666137081,1.00100150250438,1.67594568898395,1.99309701718502,0.0771937206584265,"ENSG00000117122"
1.67131567616219,0,1.00100150250438,1.5497500834157,0.0769352036852037,"ENSG00000105137"
1.40275209380409,1.00100150250438,1.06406820470154,1.43646379208343,0.0764382117882118,"ENSG00000175040"
1.00100150250438,-1.00100150250438,1.59219920785581,1.3113950483175,0.0762114718614719,"ENSG00000105707"
1.40275209380409,-0.447303065060821,0.906421251049864,1.07056572432486,0.076109639947256,"ENSG00000205018"
1.34406227991274,0,1.38942503594182,1.38942503594182,0.0759363084627791,"ENSG00000109101"
1.41705050316284,-1.00100150250438,1.48474981459792,1.32225574896387,0.0722158517952635,"ENSG00000225362"
1.67131567616219,0,1.73727046020804,1.92285773106865,0.070775350140056,"ENSG00000124126"
1.73727046020804,-1.00100150250438,-1.00100150250438,0.730864213647821,0.0671430438842204,"ENSG00000226330"
1.67131567616219,-1.00100150250438,1.69732465414114,1.88083886362893,0.0645297222385458,"ENSG00000134830"
1.00100150250438,0,1.00100150250438,1.41705050316284,0.0644389101094984,"ENSG00000005471"
0,0,0,0.0830460525871121,0.063737108642991,"ENSG00000165124"
1.81433194989159,0,0.101769083733485,1.07231364781938,0.0626571350218409,"ENSG00000244405"
1.00100150250438,1.38942503594182,1.66426742589061,1.73341264263831,0.0613034481858011,"ENSG00000108878"
1.41705050316284,-1.00100150250438,1.67594568898395,1.39964164456356,0.0611919115971747,"ENSG00000185483"
0,1.00100150250438,1.61487990419686,1.88208744910037,0.0594185288567642,"ENSG00000101670"
1.71058924980998,1.00100150250438,0.507803976750386,1.65347180198358,0.0592783628136569,"ENSG00000132170"
1.00100150250438,-1.00100150250438,-0.72799238491593,-0.592357781956271,0.0568362304362304,"ENSG00000146966"
0,0,1.41285987182396,1.40998991860812,0.0568196692196692,"ENSG00000136630"
0,-1.00100150250438,0,-1.00100150250438,0.0559030303030303,"ENSG00000167912"
1.00100150250438,1.00100150250438,1.00100150250438,1.66463131219743,0.0558117479012216,"ENSG00000170955"
0,0,1.94464227070597,1.91029025321311,0.0551586792292675,"ENSG00000113657"
1.00100150250438,0,0,1.00100150250438,0.0540368983957219,"ENSG00000224468"
1.38942503594182,1.00100150250438,0,1.38062136715865,0.0512834814308498,"ENSG00000235123"
-1.00100150250438,-0.817041456918251,1.02683626838753,0.0794306482202712,0.0508921059332824,"ENSG00000049192"
1.41705050316284,0,0.0759193993771623,0.905712786049667,0.0499868615045086,"ENSG00000144821"
1.00100150250438,-1.67131567616219,-1.63709324845684,-1.71459504531897,0.0493163711417581,"ENSG00000239899"
1.85021033733688,0,0.0229961146517391,1.88689816677114,0.0491598845598846,"ENSG00000168350"
0,0,1.38942503594182,1.41389939741034,0.0484936083524319,"ENSG00000130830"
1.00100150250438,-1.00100150250438,1.28959193642382,0.745770424554471,0.0478779698629544,"ENSG00000196557"
-1.00100150250438,0,-1.00100150250438,-1.41508404800271,0.0478441558441558,"ENSG00000157303"
1.0516125038101,-1.00100150250438,0.979004488736991,1.06944978932242,0.0463885111620406,"ENSG00000170500"
1.09239069129793,0,1.51629472434978,1.35647198148862,0.0453536923860453,"ENSG00000254038"
1.00100150250438,-0.447303065060821,0.81704145691825,0.789850254555269,0.0452017316017316,"ENSG00000197245"
1.26693979201741,-1.00100150250438,1.63736530665978,1.41688216139393,0.045041671074024,"ENSG00000259863"
0.404127003126757,-1.00100150250438,1.69975302666866,0.74016255074129,0.0449471352177235,"ENSG00000255735"
1.41705050316284,0,1.3976941536882,1.56322882597399,0.0446752397928869,"ENSG00000141977"
1.67131567616219,0,1.34406227991274,1.65757367422614,0.0436621212121212,"ENSG00000130540"
-1.00100150250438,0,0.156177571144113,-0.526297938074085,0.0436332556332556,"ENSG00000153551"
0,1.00100150250438,-1.40275209380409,-0.57754281555789,0.0429574804280687,"ENSG00000178222"
1.66911011857018,1.00100150250438,-0.372155736591365,1.94724986571406,0.042418759018759,"ENSG00000239332"
-0.632708666137081,0,-1.40834895880057,-1.38062136715865,0.0416895104895105,"ENSG00000196549"
1.41705050316284,0,0.905275016545724,1.09645760374193,0.0416361194361194,"ENSG00000128805"
1.34406227991274,0,-1.38458279965625,-0.0719819480392971,0.0415521367521367,"ENSG00000185186"
1.00100150250438,1.00100150250438,1.41120774204966,1.41508404800271,0.0414401598401598,"ENSG00000101938"
1.34406227991274,0,1.38062136715865,1.96570283492688,0.0402632034632035,"ENSG00000196636"
1.34406227991274,0,0,1.41705050316284,0.0402222222222222,"ENSG00000174827"
-1.00100150250438,0,-1.00100150250438,-1.00100150250438,0.0396666666666667,"ENSG00000260810"
0,-1.00100150250438,-0.670780010770969,-0.397422462989524,0.0395435064935065,"ENSG00000234883"
0,-1.00100150250438,-0.372155736591365,-0.482011822970341,0.0392575757575758,"ENSG00000116299"
1.00100150250438,0,0,1.00100150250438,0.0387222816399287,"ENSG00000077279"
0,0,0,0,0.0385407925407925,"ENSG00000170425"
0,0,1.17832947503798,1.3976941536882,0.0382939393939394,"ENSG00000135919"
1.00100150250438,1.00100150250438,-0.538617728378097,0.209439318970122,0.0380695526695527,"ENSG00000142552"
-1.00100150250438,-1.00100150250438,-1.00100150250438,-1.00100150250438,0.0370281385281385,"ENSG00000203985"
0,0,0.533730352888559,0.556060745668058,0.0368314871403107,"ENSG00000229647"
1.38942503594182,0,1.41285987182396,1.56956663670247,0.0363124522536287,"ENSG00000255571"
1.40275209380409,-1.00100150250438,0.890001427681121,1.08587347674002,0.0358732323232323,"ENSG00000184709"
1.38942503594182,0,1.37457856297529,1.41705050316284,0.0353060011883541,"ENSG00000185052"
0,0,1.40275209380409,1.36436948635955,0.0351530691530692,"ENSG00000134716"
0,1.00100150250438,1.71351027480322,1.57181402227548,0.0350084415584416,"ENSG00000166793"
1.00100150250438,0,1.41389939741034,1.40050758952657,0.0342968031968032,"ENSG00000153253"
1.00100150250438,-1.63736530665978,0,-0.782835304063752,0.0340730103230103,"ENSG00000198774"
0,0,0,0,0.0337702444614209,"ENSG00000206113"
-1.00100150250438,-1.00100150250438,0,-1.34406227991274,0.0328784271284271,"ENSG00000154277"
0,0,0,0,0.0327861471861472,"ENSG00000175920"
-0.817041456918251,-1.00100150250438,-1.00100150250438,-0.906293829597863,0.0323560606060606,"ENSG00000107738"
1.34406227991274,0,1.00100150250438,1.73048326707831,0.0320212121212121,"ENSG00000105122"
0,-1.00100150250438,1.00100150250438,-0.156177571144113,0.031986013986014,"ENSG00000216197"
-1.00100150250438,0,0,-1.00100150250438,0.0318338680926916,"ENSG00000185390"
-1.00100150250438,-1.00100150250438,-1.41120774204966,-1.41508404800271,0.0318181818181818,"ENSG00000180422"
1.00100150250438,0,1.61055106379451,1.63935309684911,0.0316839826839827,"ENSG00000132297"
-1.00100150250438,1.00100150250438,0,0.31803152611957,0.0314823529411765,"ENSG00000225485"
0,0,0,0,0.0314242424242424,"ENSG00000261776"
0,0,0,0,0.0310873775347459,"ENSG00000182326"
1.00100150250438,0,1.34406227991274,0.896978973247056,0.0302424242424242,"ENSG00000147408"
0,0,0,0,0.0302228438228438,"ENSG00000179082"
1.00100150250438,0,1.00100150250438,1.00100150250438,0.0302064372160347,"ENSG00000163879"
1.71058924980998,1.00100150250438,-1.00100150250438,1.08210913837451,0.0299460317460317,"ENSG00000249035"
0,-1.00100150250438,1.00100150250438,-0.0830460525871121,0.0298916638916639,"ENSG00000164430"
1.00100150250438,-1.00100150250438,0,0.388573001898768,0.0296019353195824,"ENSG00000243020"
1.00100150250438,1.67131567616219,-1.00100150250438,1.38458279965625,0.0294915695415695,"ENSG00000146038"
0,0,1.00100150250438,1.00100150250438,0.0294282531194296,"ENSG00000167769"
1.00100150250438,0,0,1.00100150250438,0.0292484848484848,"ENSG00000111186"
1.00100150250438,0,-1.00100150250438,-0.232507845818998,0.0290033440243967,"ENSG00000154027"
-1.00100150250438,1.00100150250438,-1.40275209380409,-1.39540341548455,0.0287846597846598,"ENSG00000172985"
-1.00100150250438,0,-1.00100150250438,-1.41389939741034,0.0286425339366516,"ENSG00000121966"
1.79140869544725,-1.00100150250438,-1.00100150250438,0.900980688862678,0.0283096225412015,"ENSG00000130558"
1.41705050316284,0,0.236538191671633,0.529549360679117,0.0281636363636364,"ENSG00000132205"
1.00100150250438,-1.00100150250438,1.00100150250438,0.646289160169427,0.0280465240641711,"ENSG00000064225"
0,0,1.00100150250438,1.00100150250438,0.0278164629488159,"ENSG00000113924"
1.00100150250438,0,1.00100150250438,1.39964164456356,0.0278142857142857,"ENSG00000168994"
1.00100150250438,1.00100150250438,1.00100150250438,1.36692904431769,0.0277631701631702,"ENSG00000198846"
-1.00100150250438,-1.00100150250438,-0.548419234180929,-1.26693979201741,0.027618648018648,"ENSG00000106366"
1.66911011857018,0,0,1.63736530665978,0.0274571428571429,"ENSG00000172738"
0,0,-0.343037530015732,-0.200008000480032,0.0272572451112699,"ENSG00000166446"
0,-1.00100150250438,1.00100150250438,0,0.0270909090909091,"ENSG00000260938"
1.41705050316284,0,0,1.40606442787545,0.0268817498291182,"ENSG00000183853"
0,0,0,0,0.0268646464646465,"ENSG00000249993"
1.41705050316284,-1.00100150250438,1.00100150250438,1.00100150250438,0.0266212121212121,"ENSG00000197888"
-1.00100150250438,0,1.69732465414114,1.41120774204966,0.0263838383838384,"ENSG00000189320"
0,0,-0.108466504993364,-0.0743298252878691,0.0263134708428826,"ENSG00000198959"
0,0,-1.59222406162649,-1.54105904775701,0.0260510822510822,"ENSG00000126259"
1.00100150250438,0,1.00100150250438,1.41705050316284,0.025979797979798,"ENSG00000237796"
1.00100150250438,0,0.829972352653675,0.771848634399114,0.025974025974026,"ENSG00000241749"
0,0,1.00100150250438,1.00100150250438,0.0259372294372294,"ENSG00000215182"
1.00100150250438,0,1.34406227991274,1.28719052456091,0.0256666666666667,"ENSG00000226383"
1.34406227991274,0,0,1.40998991860812,0.0255333333333333,"ENSG00000257883"
0,0,-1.00100150250438,-1.00100150250438,0.0254545454545455,"ENSG00000175356"
0,0,0,0,0.0254357031857032,"ENSG00000181773"
1.00100150250438,0,-1.00100150250438,0.277371435197549,0.0253034965034965,"ENSG00000152022"
0,0,0,0,0.0252683982683983,"ENSG00000198133"
0,0,0,0,0.0251934381408066,"ENSG00000158163"
0,0,0,0,0.0251777777777778,"ENSG00000213144"
0,0,1.00100150250438,1.00100150250438,0.0250433382407067,"ENSG00000009765"
0,0,-1.00100150250438,-1.00100150250438,0.0247469696969697,"ENSG00000162989"
0,0,-0.585406251914576,-0.200008000480032,0.0247312834224599,"ENSG00000236886"
1.00100150250438,0,1.00100150250438,1.41705050316284,0.0243848484848485,"ENSG00000142910"
-1.00100150250438,-1.34406227991274,1.00100150250438,-1.00100150250438,0.0243149138443256,"ENSG00000255974"
0,-1.00100150250438,0,-1.00100150250438,0.0242121212121212,"ENSG00000248954"
1.38942503594182,-1.00100150250438,-1.00100150250438,0,0.0240333333333333,"ENSG00000184160"
1.00100150250438,0,-1.00100150250438,-0.200008000480032,0.0237835497835498,"ENSG00000174945"
0,0,-1.41705050316284,-1.41389939741034,0.0235254017396432,"ENSG00000123685"
1.57055865400082,0,-1.00100150250438,0.849400414234567,0.0234190476190476,"ENSG00000074410"
0,0,0.200008000480032,0.507803976750386,0.0233777183600713,"ENSG00000116132"
0,0,0,0,0.0229294117647059,"ENSG00000198944"
1.41705050316284,0,1.00100150250438,1.31926632682314,0.0228686868686869,"ENSG00000258630"
1.38942503594182,0,0,1.40998991860812,0.0226737967914439,"ENSG00000165140"
1.00100150250438,-1.00100150250438,0,0.245784422643061,0.0225606060606061,"ENSG00000145103"
1.00100150250438,-1.00100150250438,-1.00100150250438,-0.372155736591365,0.0224848484848485,"ENSG00000226053"
1.38942503594182,-1.00100150250438,-1.36692904431769,-0.396027985510221,0.0219760683760684,"ENSG00000248538"
-1.00100150250438,0,1.00100150250438,-0.156177571144113,0.0219272727272727,"ENSG00000166159"
0,0,0,0,0.0215887445887446,"ENSG00000215018"
1.00100150250438,0,0,1.00100150250438,0.0214222222222222,"ENSG00000020633"
1.00100150250438,0,1.34406227991274,1.54407561044838,0.0213357142857143,"ENSG00000162614"
0.200008000480032,-1.00100150250438,0,-0.424050584474156,0.0212,"ENSG00000212719"
0,0,-1.00100150250438,-1.00100150250438,0.0210808080808081,"ENSG00000057657"
0,-1.00100150250438,1.00100150250438,-0.0940729193457544,0.0210245049068578,"ENSG00000156564"
0,0,-1.00100150250438,-1.00100150250438,0.0209454545454545,"ENSG00000134013"
1.00100150250438,0,1.00100150250438,1.00100150250438,0.0209067821067821,"ENSG00000207611"
0,0,0,0,0.0208895104895105,"ENSG00000162975"
0,-1.00100150250438,1.41120774204966,1.38942503594182,0.0208787878787879,"ENSG00000154822"
1.00100150250438,0,-1.37457856297529,-1.00100150250438,0.0204545454545455,"ENSG00000219992"
1.00100150250438,0,0,1.00100150250438,0.0204322638146168,"ENSG00000178568"
0,0,0,0,0.0204285714285714,"ENSG00000081189"
0,0,1.3976941536882,1.40834895880057,0.0202597402597403,"ENSG00000018510"
0,0,1.34406227991274,1.41389939741034,0.0202220247073188,"ENSG00000134363"
1.00100150250438,0,0.128038978949756,0.168501570914704,0.0197647058823529,"ENSG00000139946"
-1.00100150250438,-1.00100150250438,1.37457856297529,0.0844783234995658,0.0196525641025641,"ENSG00000115604"
0,0,1.00100150250438,1.00100150250438,0.0196,"ENSG00000177469"
0,-1.00100150250438,-1.00100150250438,-1.00100150250438,0.0194823529411765,"ENSG00000131203"
1.00100150250438,0,0,1.00100150250438,0.0193230769230769,"ENSG00000106714"
1.00100150250438,0,-1.41705050316284,-0.268885867204114,0.0192642857142857,"ENSG00000236751"
0,0,-1.00100150250438,-1.00100150250438,0.019169696969697,"ENSG00000127955"
0,0,0,0.108466504993364,0.019013986013986,"ENSG00000251364"
0,1.00100150250438,1.00100150250438,1.00100150250438,0.0189878787878788,"ENSG00000166923"
-1.00100150250438,0,1.00100150250438,-0.0830460525871121,0.0189818181818182,"ENSG00000226308"
0,0,0,0,0.0188151515151515,"ENSG00000164746"
-1.00100150250438,0,-1.00100150250438,-1.41285987182396,0.0186943722943723,"ENSG00000124507"
1.00100150250438,0,0,1.00100150250438,0.018693837535014,"ENSG00000196569"
1.00100150250438,0,0,1.00100150250438,0.0186038961038961,"ENSG00000242445"
0,0,1.00100150250438,0.372155736591365,0.0185601604278075,"ENSG00000070886"
1.00100150250438,0,0,1.00100150250438,0.0184285714285714,"ENSG00000163064"
-0.277371435197549,1.00100150250438,1.40834895880057,1.36436948635955,0.0184264069264069,"ENSG00000234882"
1.00100150250438,0,1.00100150250438,1.00100150250438,0.0183454545454545,"ENSG00000100599"
1.00100150250438,0,0,1.00100150250438,0.0181060011883541,"ENSG00000232400"
1.00100150250438,0,-1.00100150250438,0,0.0181035353535354,"ENSG00000167383"
1.00100150250438,1.00100150250438,1.00100150250438,1.31926632682314,0.0180121656121656,"ENSG00000175592"
1.00100150250438,0,-1.00100150250438,0,0.0179619187829714,"ENSG00000121101"
1.00100150250438,0,-1.00100150250438,-0.0743298252878691,0.0179065934065934,"ENSG00000109113"
0,-1.00100150250438,0,-1.00100150250438,0.0178888888888889,"ENSG00000003400"
0,0,-1.00100150250438,-1.00100150250438,0.017799043062201,"ENSG00000114698"
-1.00100150250438,1.00100150250438,0,-0.0940729193457544,0.0177647058823529,"ENSG00000003989"
0,0,-1.00100150250438,-1.00100150250438,0.01775,"ENSG00000187486"
-1.00100150250438,0,1.41120774204966,0.695144001581865,0.0176730158730159,"ENSG00000105997"
0,0,-1.00100150250438,-1.00100150250438,0.0176363636363636,"ENSG00000196754"
-1.00100150250438,0,1.41120774204966,0.482011822970341,0.0175404761904762,"ENSG00000144218"
-1.00100150250438,0,0,-1.00100150250438,0.0175142857142857,"ENSG00000142623"
0,0,0,0,0.017495670995671,"ENSG00000050628"
0,0,1.00100150250438,1.00100150250438,0.0174692513368984,"ENSG00000260009"
0,0,0,0,0.0173809523809524,"ENSG00000115461"
0,-1.00100150250438,0,-1.00100150250438,0.0172769230769231,"ENSG00000205022"
1.00100150250438,-1.00100150250438,-1.00100150250438,-1.00100150250438,0.0171616161616162,"ENSG00000224842"
0,0,-1.00100150250438,-1.00100150250438,0.0171515151515152,"ENSG00000256443"
0,0,1.00100150250438,1.00100150250438,0.0170969696969697,"ENSG00000070731"
0,0,-1.00100150250438,-1.00100150250438,0.016941889483066,"ENSG00000164199"
1.00100150250438,0,0,1.00100150250438,0.0169131313131313,"ENSG00000204767"
0,0,0,0,0.0168848484848485,"ENSG00000164099"
1.00100150250438,0,-1.00100150250438,-0.175417001390643,0.0168560606060606,"ENSG00000154654"
1.41705050316284,0,1.00100150250438,1.31533410441164,0.016825974025974,"ENSG00000260284"
0,-1.00100150250438,0,-1.00100150250438,0.0167936507936508,"ENSG00000125730"
0,-1.00100150250438,0,-1.00100150250438,0.0167578947368421,"ENSG00000182890"
0,-1.00100150250438,-1.00100150250438,-1.00100150250438,0.0167288084464555,"ENSG00000222009"
0,1.00100150250438,1.61645207120686,1.41942760014378,0.0165967365967366,"ENSG00000076706"
1.00100150250438,0,0,1.00100150250438,0.0165454545454545,"ENSG00000253125"
1.00100150250438,-1.00100150250438,-0.156177571144113,-0.175417001390643,0.0163489177489178,"ENSG00000170893"
1.00100150250438,-1.00100150250438,-1.00100150250438,-1.00100150250438,0.0163099567099567,"ENSG00000229020"
0,0,1.00100150250438,1.00100150250438,0.0162969696969697,"ENSG00000125845"
0,0,-1.00100150250438,-1.00100150250438,0.0162969696969697,"ENSG00000115705"
0,1.00100150250438,1.00100150250438,1.00100150250438,0.0162413273001508,"ENSG00000184599"
0,0,0,0.108466504993364,0.0162164502164502,"ENSG00000050730"
0,0,-1.00100150250438,-1.00100150250438,0.0161613445378151,"ENSG00000253304"
0,0,1.00100150250438,1.00100150250438,0.0161378787878788,"ENSG00000132718"
1.00100150250438,0,0,1.00100150250438,0.0161090909090909,"ENSG00000187068"
0,0,1.41120774204966,1.40606442787545,0.0160420168067227,"ENSG00000235884"
1.00100150250438,0,0,1.00100150250438,0.0160363636363636,"ENSG00000106078"
-1.00100150250438,0,0,-1.00100150250438,0.0159731092436975,"ENSG00000148516"
1.00100150250438,-1.00100150250438,1.30206927713678,1.30993429144589,0.0158823529411765,"ENSG00000130653"
0,-1.00100150250438,-1.00100150250438,-1.00100150250438,0.0158823529411765,"ENSG00000135604"
0,-1.00100150250438,1.40834895880057,1.00100150250438,0.0158215431627196,"ENSG00000144681"
0,0,0,0,0.0157252525252525,"ENSG00000003137"
0,0,0,0,0.0155142857142857,"ENSG00000144452"
0,0,1.00100150250438,1.00100150250438,0.0154909090909091,"ENSG00000196653"
1.00100150250438,0,0,1.00100150250438,0.0153194805194805,"ENSG00000128510"
0,0,0,0,0.0152857142857143,"ENSG00000107249"
0,0,1.38942503594182,1.41705050316284,0.0152779220779221,"ENSG00000134259"
0,-1.00100150250438,1.38942503594182,0.526297938074085,0.0151938556799238,"ENSG00000162745"
0,0,0,0,0.0151511821511822,"ENSG00000119125"
1.00100150250438,0,-1.36692904431769,-0.220575117570567,0.0149777777777778,"ENSG00000249628"
0,-1.00100150250438,-1.00100150250438,-1.00100150250438,0.0148627450980392,"ENSG00000122707"
0,-1.00100150250438,0,-1.00100150250438,0.0148484848484848,"ENSG00000151365"
0,0,-1.00100150250438,-1.00100150250438,0.0148311688311688,"ENSG00000083454"
0,0,0,0,0.0147954545454545,"ENSG00000249346"
0,0,-1.00100150250438,-1.00100150250438,0.0146833333333333,"ENSG00000240882"
1.00100150250438,0,-1.00100150250438,0,0.0145989304812834,"ENSG00000124302"
0,-1.00100150250438,-1.73727046020804,-1.71351027480322,0.0145454545454545,"ENSG00000122641"
1.00100150250438,0,-1.34406227991274,-1.00100150250438,0.0145196842373313,"ENSG00000198796"
0,0,0,0,0.0144700854700855,"ENSG00000205403"
1.00100150250438,-1.00100150250438,0,-0.175417001390643,0.0144285714285714,"ENSG00000136717"
0,0,1.00100150250438,1.00100150250438,0.0143636363636364,"ENSG00000149948"
0,0,-1.00100150250438,-1.00100150250438,0.0143399267399267,"ENSG00000211448"
1.00100150250438,0,1.00100150250438,1.00100150250438,0.0142787878787879,"ENSG00000134802"
0,0,0,0,0.0142486631016043,"ENSG00000122735"
0,0,0,0,0.0142335164835165,"ENSG00000178919"
0,0,-1.00100150250438,-1.00100150250438,0.0141835497835498,"ENSG00000227719"
0,-1.00100150250438,-1.00100150250438,-1.00100150250438,0.0141490196078431,"ENSG00000138347"
1.00100150250438,0,1.00100150250438,1.00100150250438,0.0140909090909091,"ENSG00000078589"
0,0,-0.372155736591365,-0.277371435197549,0.0140769230769231,"ENSG00000183688"
0,0,0,0,0.014,"ENSG00000176884"
0,0,0,0,0.0139515151515152,"ENSG00000134762"
1.00100150250438,0,1.00100150250438,1.3976941536882,0.0139440559440559,"ENSG00000138449"
0,-1.00100150250438,-1.00100150250438,-1.3976941536882,0.0137636363636364,"ENSG00000042062"
1.00100150250438,0,1.00100150250438,1.36692904431769,0.0136612276612277,"ENSG00000087237"
0,0,0,0,0.0136363636363636,"ENSG00000116962"
1.00100150250438,-1.00100150250438,0,-0.200008000480032,0.0135,"ENSG00000133107"
0,-1.00100150250438,-1.00100150250438,-1.00100150250438,0.0134253393665158,"ENSG00000180543"
0,-1.41705050316284,0,-1.41705050316284,0.0134166666666667,"ENSG00000149596"
0,0,-1.00100150250438,-1.00100150250438,0.0133333333333333,"ENSG00000223829"
0,0,-1.00100150250438,-1.00100150250438,0.0133333333333333,"ENSG00000087245"
1.00100150250438,0,0,1.00100150250438,0.0133090909090909,"ENSG00000160183"
0,0,1.00100150250438,1.00100150250438,0.0132923076923077,"ENSG00000182348"
1.00100150250438,0,-1.00100150250438,-0.175417001390643,0.0132923076923077,"ENSG00000168685"
0,0,0,0,0.0131590909090909,"ENSG00000222014"
0,0,0,0,0.0131255411255411,"ENSG00000164236"
0,0,0,0,0.0131142857142857,"ENSG00000118257"
1.00100150250438,0,1.26693979201741,1.34406227991274,0.013030303030303,"ENSG00000034053"
0,0,-1.00100150250438,-1.00100150250438,0.013003885003885,"ENSG00000182963"
0,0,-1.00100150250438,-1.00100150250438,0.0129705882352941,"ENSG00000137752"
1.38942503594182,-1.00100150250438,0,1.00100150250438,0.0129676767676768,"ENSG00000203951"
1.00100150250438,-1.00100150250438,0,0,0.0128686868686869,"ENSG00000261786"
0,0,1.00100150250438,1.00100150250438,0.0127495798319328,"ENSG00000234779"
1.00100150250438,0,1.00100150250438,1.00100150250438,0.0127272727272727,"ENSG00000254818"
-1.00100150250438,0,0,-1.00100150250438,0.0127,"ENSG00000136944"
1.00100150250438,0,1.00100150250438,1.00100150250438,0.0126853146853147,"ENSG00000134198"
1.00100150250438,0,0,1.00100150250438,0.0126737967914439,"ENSG00000232073"
0,1.00100150250438,1.00100150250438,1.00100150250438,0.0126666666666667,"ENSG00000172123"
0,0,1.00100150250438,1.00100150250438,0.0126060606060606,"ENSG00000120337"
-1.00100150250438,0,0,-1.00100150250438,0.0125714285714286,"ENSG00000013297"
0,0,-1.00100150250438,-1.00100150250438,0.0124444444444444,"ENSG00000205663"
0,-1.00100150250438,-1.00100150250438,-1.00100150250438,0.0123921568627451,"ENSG00000247011"
1.00100150250438,-1.00100150250438,1.00100150250438,0.400646880707026,0.0123619047619048,"ENSG00000259459"
0,0,0,0,0.0122666666666667,"ENSG00000172478"
0,0,-1.00100150250438,-1.00100150250438,0.0122579365079365,"ENSG00000204175"
1.00100150250438,0,0,1.00100150250438,0.0122222222222222,"ENSG00000124875"
1.00100150250438,-1.00100150250438,1.00100150250438,0.501683046735827,0.0121333333333333,"ENSG00000185862"
0,0,0,0,0.0120666666666667,"ENSG00000163513"
0,-1.00100150250438,-1.00100150250438,-1.00100150250438,0.012,"ENSG00000141837"
0,0,0,0,0.0119318181818182,"ENSG00000226419"
0,0,0,0,0.0119272727272727,"ENSG00000121690"
0,-1.00100150250438,0,-1.00100150250438,0.0119251336898396,"ENSG00000253768"
0,-1.00100150250438,-1.00100150250438,-1.00100150250438,0.0118823529411765,"ENSG00000198542"
0,-1.00100150250438,0,-1.00100150250438,0.0118095238095238,"ENSG00000236699"
0,0,0,0,0.0117979797979798,"ENSG00000170819"
0,0,-1.00100150250438,-1.00100150250438,0.0117142857142857,"ENSG00000106541"
0,0,0,0,0.0115555555555556,"ENSG00000183780"
1.00100150250438,0,1.00100150250438,1.00100150250438,0.011538961038961,"ENSG00000183160"
0,0,1.00100150250438,1.00100150250438,0.0115151515151515,"ENSG00000188641"
1.00100150250438,0,0,1.00100150250438,0.0113333333333333,"ENSG00000134769"
1.00100150250438,0,1.34406227991274,1.39964164456356,0.0113333333333333,"ENSG00000081479"
0,0,0,0,0.0113246753246753,"ENSG00000146674"
0,1.00100150250438,1.40834895880057,1.36232155017094,0.011218045112782,"ENSG00000235949"
-1.00100150250438,1.00100150250438,0,-0.701992096666469,0.0111666666666667,"ENSG00000130701"
0,0,0,0,0.0111309523809524,"ENSG00000168917"
-1.00100150250438,0,-1.00100150250438,-1.00100150250438,0.0111186147186147,"ENSG00000225860"
0,0,0,0,0.0110909090909091,"ENSG00000256084"
0,0,0,0,0.0108282828282828,"ENSG00000174502"
0,-1.00100150250438,1.00100150250438,0,0.0108,"ENSG00000133048"
0,0,1.00100150250438,1.00100150250438,0.0107301587301587,"ENSG00000218416"
0,-1.00100150250438,1.00100150250438,0.200008000480032,0.0106666666666667,"ENSG00000227992"
0,0,0,0,0.0106466165413534,"ENSG00000171056"
0,0,0,0,0.0106218487394958,"ENSG00000204261"
1.00100150250438,1.00100150250438,1.00100150250438,1.34406227991274,0.0105494505494506,"ENSG00000165138"
0,0,1.00100150250438,1.00100150250438,0.0105262032085562,"ENSG00000102313"
0,0,1.00100150250438,1.00100150250438,0.0104166666666667,"ENSG00000147065"
0,0,0,0,0.0103311688311688,"ENSG00000174607"
1.00100150250438,0,0,1.00100150250438,0.0101818181818182,"ENSG00000157388"
0,0,0,0,0.0101818181818182,"ENSG00000078399"
0,0,0,0,0.0101666666666667,"ENSG00000006468"
0,0,1.00100150250438,1.00100150250438,0.0101382783882784,"ENSG00000171649"
1.00100150250438,0,-1.00100150250438,0.156177571144113,0.0101333333333333,"ENSG00000119771"
0,-1.00100150250438,0,-1.00100150250438,0.0100636363636364,"ENSG00000151117"
0,-1.00100150250438,1.00100150250438,0,0.01,"ENSG00000158525"
0,0,0,0,0.01,"ENSG00000254087"
0,0,0,0,0.01,"ENSG00000169554"
0,0,0,0,0.00998095238095238,"ENSG00000164342"
0,0,-1.00100150250438,-1.00100150250438,0.00991452991452992,"ENSG00000138685"
0,0,-1.00100150250438,-1.00100150250438,0.00976904761904762,"ENSG00000090932"
1.00100150250438,0,0,1.00100150250438,0.00971717171717172,"ENSG00000222808"
1.00100150250438,0,1.00100150250438,1.00100150250438,0.00971717171717172,"ENSG00000255693"
1.00100150250438,0,1.00100150250438,1.00100150250438,0.00968181818181818,"ENSG00000146477"
1.00100150250438,0,0,1.00100150250438,0.0096,"ENSG00000157510"
0,1.00100150250438,0,1.00100150250438,0.0096,"ENSG00000198074"
1.00100150250438,0,0,1.00100150250438,0.0096,"ENSG00000161609"
-1.00100150250438,0,0,-1.00100150250438,0.00948571428571429,"ENSG00000073792"
1.00100150250438,-1.00100150250438,1.00100150250438,0.62278443048421,0.00946666666666667,"ENSG00000233608"
0,0,-1.00100150250438,-1.00100150250438,0.00944201680672268,"ENSG00000230943"
0,0,-1.41120774204966,-1.38942503594182,0.00926984126984127,"ENSG00000116157"
1.00100150250438,0,0,1.00100150250438,0.00923076923076923,"ENSG00000004848"
-1.00100150250438,-1.00100150250438,0,-1.40834895880057,0.00908333333333333,"ENSG00000086548"
0,-1.00100150250438,0,-1.00100150250438,0.00907045895281189,"ENSG00000002746"
1.00100150250438,-1.00100150250438,0,0,0.00904761904761905,"ENSG00000134516"
0,0,0,0,0.009,"ENSG00000189238"
1.34406227991274,-1.00100150250438,1.00100150250438,1.00100150250438,0.00893333333333333,"ENSG00000250886"
1.00100150250438,0,0,1.00100150250438,0.00891428571428571,"ENSG00000107562"
0,0,0,0,0.00888888888888889,"ENSG00000256715"
0,0,-1.00100150250438,-1.00100150250438,0.00888888888888889,"ENSG00000165566"
1.00100150250438,-1.00100150250438,0,0,0.00888888888888889,"ENSG00000173404"
0,0,1.00100150250438,1.00100150250438,0.00871428571428571,"ENSG00000105991"
0,0,0,0,0.00871111111111111,"ENSG00000020181"
0,0,0,0,0.00868571428571428,"ENSG00000183067"
1.00100150250438,0,0,1.00100150250438,0.00866666666666667,"ENSG00000163131"
1.41705050316284,0,0,1.41389939741034,0.00866666666666667,"ENSG00000230873"
1.00100150250438,1.00100150250438,1.00100150250438,1.34406227991274,0.00866666666666667,"ENSG00000222047"
0,1.00100150250438,1.00100150250438,1.00100150250438,0.00853333333333334,"ENSG00000171658"
1.00100150250438,0,1.00100150250438,1.00100150250438,0.00850909090909091,"ENSG00000112769"
0,0,0,0,0.00848859649122807,"ENSG00000237523"
1.00100150250438,1.00100150250438,0,1.00100150250438,0.0084,"ENSG00000117152"
0,0,-1.00100150250438,-1.00100150250438,0.00830769230769231,"ENSG00000107719"
1.00100150250438,0,-1.00100150250438,-0.0830460525871121,0.00823809523809524,"ENSG00000224959"
0,1.00100150250438,0,1.00100150250438,0.00823076923076923,"ENSG00000131435"
0,0,1.00100150250438,1.00100150250438,0.00813333333333333,"ENSG00000100979"
0,0,0,0,0.008,"ENSG00000117020"
0,0,0,0,0.008,"ENSG00000204381"
0,0,0,0,0.008,"ENSG00000177494"
1.00100150250438,-1.00100150250438,-1.00100150250438,-1.00100150250438,0.008,"ENSG00000224321"
0,0,0,0,0.00769230769230769,"ENSG00000140682"
0,0,-1.00100150250438,-1.00100150250438,0.00769187675070028,"ENSG00000256612"
0,0,0,0,0.0075,"ENSG00000236008"
0,0,0,0,0.00747899159663866,"ENSG00000260265"
0,0,1.00100150250438,1.00100150250438,0.00736470588235294,"ENSG00000205669"
0,0,0,0,0.00735064935064935,"ENSG00000132677"
1.00100150250438,0,-1.00100150250438,0,0.00718181818181818,"ENSG00000111716"
0,0,1.00100150250438,1.00100150250438,0.00717857142857143,"ENSG00000203808"
0,0,-1.00100150250438,-1.00100150250438,0.00704761904761905,"ENSG00000007306"
0,0,1.00100150250438,1.00100150250438,0.007,"ENSG00000187134"
1.00100150250438,0,0,1.00100150250438,0.007,"ENSG00000122145"
0,0,1.00100150250438,1.00100150250438,0.00693333333333334,"ENSG00000160219"
1.00100150250438,0,1.00100150250438,1.00100150250438,0.00693333333333333,"ENSG00000183044"
0,0,-1.41705050316284,-1.34406227991274,0.00689024700789406,"ENSG00000105246"
0,-1.00100150250438,0,-1.00100150250438,0.00688888888888889,"ENSG00000178404"
0,0,-1.00100150250438,-1.00100150250438,0.00686666666666667,"ENSG00000064787"
0,0,0,0,0.00685714285714286,"ENSG00000122420"
0,0,0,0,0.00685714285714286,"ENSG00000132530"
0,0,0,0,0.00685714285714286,"ENSG00000248663"
1.00100150250438,-1.00100150250438,0,0,0.00685714285714286,"ENSG00000186854"
0,0,0,0,0.00685714285714286,"ENSG00000157227"
1.00100150250438,0,0,1.00100150250438,0.00685714285714286,"ENSG00000162692"
0,0,0,0,0.00685714285714286,"ENSG00000227921"
0,-1.00100150250438,-1.00100150250438,-1.00100150250438,0.00681684981684982,"ENSG00000231638"
0,-1.00100150250438,-1.00100150250438,-1.00100150250438,0.00675,"ENSG00000106823"
0,0,0,0,0.00675,"ENSG00000136514"
-1.00100150250438,0,0,-1.00100150250438,0.00671428571428572,"ENSG00000242759"
-1.00100150250438,0,1.00100150250438,0.245784422643061,0.0067,"ENSG00000196139"
0,0,-1.00100150250438,-1.00100150250438,0.00666666666666667,"ENSG00000183674"
0,0,1.00100150250438,1.00100150250438,0.00662857142857143,"ENSG00000173482"
0,0,1.00100150250438,1.00100150250438,0.00654545454545455,"ENSG00000111249"
0,0,0,0,0.00654545454545455,"ENSG00000186867"
0,0,0,0,0.00653333333333333,"ENSG00000180672"
0,0,-1.00100150250438,-1.00100150250438,0.00642857142857143,"ENSG00000177374"
0,0,0,0,0.00642857142857143,"ENSG00000123700"
1.00100150250438,1.00100150250438,0,1.00100150250438,0.0064,"ENSG00000197467"
0,0,-0.128038978949756,0.0830460525871121,0.00638095238095238,"ENSG00000171873"
0,0,-1.00100150250438,-1.00100150250438,0.00635897435897436,"ENSG00000187498"
0,0,0,0,0.00626666666666667,"ENSG00000124664"
0,0,1.00100150250438,1.00100150250438,0.00623076923076923,"ENSG00000231566"
0,0,0,0,0.0062,"ENSG00000100033"
0,1.41705050316284,-1.00100150250438,1.00100150250438,0.0062,"ENSG00000124212"
0,0,1.00100150250438,1.00100150250438,0.00603571428571428,"ENSG00000223813"
1.00100150250438,-1.00100150250438,0,0,0.006,"ENSG00000169604"
0,0,0,0,0.006,"ENSG00000185745"
0,0,1.00100150250438,1.00100150250438,0.006,"ENSG00000154133"
0,0,-1.00100150250438,-1.00100150250438,0.00590769230769231,"ENSG00000172260"
0,0,0,0,0.00573333333333333,"ENSG00000185339"
0,-1.00100150250438,0,-1.00100150250438,0.00571428571428571,"ENSG00000240065"
0,0,0,0,0.00571428571428571,"ENSG00000251258"
0,0,1.00100150250438,1.00100150250438,0.00571428571428571,"ENSG00000211772"
0,-1.00100150250438,0,-1.00100150250438,0.00571428571428571,"ENSG00000250072"
0,0,0,0,0.00571428571428571,"ENSG00000255202"
0,0,-1.00100150250438,-1.00100150250438,0.00563636363636364,"ENSG00000122861"
1.00100150250438,0,0,1.00100150250438,0.00557142857142857,"ENSG00000214733"
0,-1.00100150250438,0,-1.00100150250438,0.00533333333333333,"ENSG00000140937"
-1.00100150250438,-1.00100150250438,0,-1.00100150250438,0.00533333333333333,"ENSG00000128591"
0,0,0,0,0.00533333333333333,"ENSG00000186474"
0,0,0,0,0.00533333333333333,"ENSG00000072163"
1.00100150250438,0,0,1.00100150250438,0.00533333333333333,"ENSG00000028137"
1.00100150250438,0,0,1.00100150250438,0.00533333333333333,"ENSG00000235180"
0,0,1.00100150250438,1.00100150250438,0.00533333333333333,"ENSG00000196611"
1.00100150250438,0,0,1.00100150250438,0.00516666666666667,"ENSG00000144063"
1.00100150250438,0,0,1.00100150250438,0.00514285714285714,"ENSG00000003147"
0,-1.00100150250438,-1.00100150250438,-1.00100150250438,0.00508235294117647,"ENSG00000180447"
0,0,0,0,0.0049,"ENSG00000164692"
0,0,0,0,0.00482857142857143,"ENSG00000259641"
-1.00100150250438,0,0,-1.00100150250438,0.0048,"ENSG00000142700"
0,-1.00100150250438,0,-1.00100150250438,0.0048,"ENSG00000255223"
0,0,0,0,0.0048,"ENSG00000229563"
-1.00100150250438,0,0,-1.00100150250438,0.0048,"ENSG00000250643"
0,0,-1.00100150250438,-1.00100150250438,0.00433333333333333,"ENSG00000172572"
0,0,0,0,0.00432142857142857,"ENSG00000261128"
0,0,0,0,0.00428571428571429,"ENSG00000183196"
1.00100150250438,0,0,1.00100150250438,0.00428571428571429,"ENSG00000092068"
0,0,1.00100150250438,1.00100150250438,0.0041025641025641,"ENSG00000242242"
-1.00100150250438,0,0,-1.00100150250438,0.004,"ENSG00000110169"
-1.00100150250438,0,0,-1.00100150250438,0.004,"ENSG00000102854"
0,0,0,0,0.004,"ENSG00000182752"
1.00100150250438,0,0,1.00100150250438,0.004,"ENSG00000161055"
1.00100150250438,0,0,1.00100150250438,0.004,"ENSG00000250548"
0,0,0,0,0.004,"ENSG00000253187"
0,0,0,0,0.004,"ENSG00000260228"
0,-1.00100150250438,0,-1.00100150250438,0.00377777777777778,"ENSG00000177932"
0,-1.00100150250438,-1.00100150250438,-1.00100150250438,0.00376470588235294,"ENSG00000164136"
0,0,0,0,0.00376470588235294,"ENSG00000255690"
0,0,1.00100150250438,1.00100150250438,0.00375,"ENSG00000068366"
0,0,1.00100150250438,1.00100150250438,0.00375,"ENSG00000196639"
0,-1.00100150250438,-1.00100150250438,-1.00100150250438,0.00375,"ENSG00000138944"
0,0,1.00100150250438,1.00100150250438,0.00375,"ENSG00000108231"
0,0,1.00100150250438,1.00100150250438,0.00375,"ENSG00000230393"
0,0,1.00100150250438,1.00100150250438,0.00373333333333333,"ENSG00000085662"
0,0,0,0,0.00373333333333333,"ENSG00000106013"
0,0,0,0,0.00373333333333333,"ENSG00000167183"
0,0,0,0,0.00373333333333333,"ENSG00000184005"
0,0,-1.00100150250438,-1.00100150250438,0.00371428571428572,"ENSG00000088756"
0,0,-1.00100150250438,-1.00100150250438,0.00371428571428572,"ENSG00000172551"
0,0,-1.00100150250438,-1.00100150250438,0.00371428571428572,"ENSG00000030304"
0,-1.00100150250438,-1.00100150250438,-1.00100150250438,0.00371428571428572,"ENSG00000135318"
0,0,0,0,0.00369230769230769,"ENSG00000050165"
0,0,0,0,0.00369230769230769,"ENSG00000130224"
0,0,0,0,0.00369230769230769,"ENSG00000118473"
0,0,1.00100150250438,1.00100150250438,0.00369230769230769,"ENSG00000257817"
0,0,0,0,0.00366666666666667,"ENSG00000022267"
0,0,0,0,0.00366666666666667,"ENSG00000223477"
0,0,-1.00100150250438,-1.00100150250438,0.00363636363636364,"ENSG00000146648"
0,-1.00100150250438,0,-1.00100150250438,0.00363636363636364,"ENSG00000089327"
0,0,-1.00100150250438,-1.00100150250438,0.00363636363636364,"ENSG00000213626"
0,0,-1.00100150250438,-1.00100150250438,0.00363636363636364,"ENSG00000237330"
0,0,0,0,0.0036,"ENSG00000178538"
0,0,0,0,0.0036,"ENSG00000091986"
0,0,0,0,0.0036,"ENSG00000186684"
0,0,0,0,0.00355555555555556,"ENSG00000224652"
0,0,0,0,0.0035,"ENSG00000121270"
0,0,-1.00100150250438,-1.00100150250438,0.0035,"ENSG00000165731"
0,0,0,0,0.0035,"ENSG00000251257"
0,0,0,0,0.00342857142857143,"ENSG00000104368"
0,0,0,0,0.00333333333333333,"ENSG00000138316"
0,0,0,0,0.00333333333333333,"ENSG00000188959"
0,0,0,0,0.00333333333333333,"ENSG00000070808"
0,0,1.00100150250438,1.00100150250438,0.00333333333333333,"ENSG00000130038"
0,0,0,0,0.00330882352941176,"ENSG00000186367"
0,0,0,0,0.0032,"ENSG00000023445"
0,0,0,0,0.0032,"ENSG00000170458"
0,0,0,0,0.0032,"ENSG00000101680"
0,0,0,0,0.0032,"ENSG00000179873"
1.00100150250438,0,0,1.00100150250438,0.0032,"ENSG00000125879"
1.00100150250438,1.00100150250438,0,1.00100150250438,0.0032,"ENSG00000234902"
1.00100150250438,0,0,1.00100150250438,0.0032,"ENSG00000259230"
0,0,0,0,0.00316483516483516,"ENSG00000214077"
0,0,0,0,0.003,"ENSG00000183888"
0,0,0,0,0.003,"ENSG00000125726"
0,0,1.00100150250438,1.00100150250438,0.003,"ENSG00000166509"
0,0,0,0,0.003,"ENSG00000139117"
0,0,0,0,0.003,"ENSG00000170801"
0,0,0,0,0.003,"ENSG00000215262"
0,0,0,0,0.003,"ENSG00000154134"
1.00100150250438,0,0,1.00100150250438,0.003,"ENSG00000105889"
0,0,0,0,0.003,"ENSG00000162738"
0,0,0,0,0.003,"ENSG00000213412"
0,0,0,0,0.003,"ENSG00000246228"
0,0,0,0,0.00266666666666667,"ENSG00000125257"
0,0,0,0,0.00266666666666667,"ENSG00000120318"
0,0,0,0,0.00266666666666667,"ENSG00000000971"
0,0,0,0,0.00266666666666667,"ENSG00000165757"
0,0,0,0,0.00266666666666667,"ENSG00000019169"
1.00100150250438,0,0,1.00100150250438,0.00266666666666667,"ENSG00000101825"
0,0,0,0,0.00266666666666667,"ENSG00000091129"
0,0,0,0,0.00266666666666667,"ENSG00000101307"
0,0,0,0,0.00266666666666667,"ENSG00000137868"
1.00100150250438,0,0,1.00100150250438,0.00266666666666667,"ENSG00000230615"
0,0,0,0,0.00266666666666667,"ENSG00000249391"
0,0,0,0,0.00266666666666667,"ENSG00000260963"
0,0,0,0,0.00213333333333333,"ENSG00000113140"
0,0,0,0,0.002,"ENSG00000122786"
0,0,0,0,0.002,"ENSG00000136732"
0,0,0,0,0.002,"ENSG00000129009"
1.00100150250438,0,0,1.00100150250438,0.002,"ENSG00000120708"
0,0,0,0,0.002,"ENSG00000154127"
0,0,0,0,0.002,"ENSG00000257141"
0,0,-1.00100150250438,-1.00100150250438,0.00171428571428572,"ENSG00000184774"
0,0,-1.00100150250438,-1.00100150250438,0.00166666666666667,"ENSG00000112964"
0,0,0,0,0,"ENSG00000118017"
0,0,0,0,0,"ENSG00000140798"
0,0,0,0,0,"ENSG00000160179"
0,0,0,0,0,"ENSG00000197142"
0,0,0,0,0,"ENSG00000159251"
0,0,0,0,0,"ENSG00000148848"
0,0,0,0,0,"ENSG00000145536"
0,0,0,0,0,"ENSG00000026652"
0,0,0,0,0,"ENSG00000113492"
0,0,0,0,0,"ENSG00000132746"
0,0,0,0,0,"ENSG00000233273"
0,0,0,0,0,"ENSG00000175302"
0,0,0,0,0,"ENSG00000166825"
0,0,0,0,0,"ENSG00000244509"
0,0,0,0,0,"ENSG00000221963"
0,0,0,0,0,"ENSG00000169083"
0,0,0,0,0,"ENSG00000100628"
0,0,0,0,0,"ENSG00000139352"
0,0,0,0,0,"ENSG00000064270"
0,0,0,0,0,"ENSG00000167601"
0,0,0,0,0,"ENSG00000176597"
0,0,0,0,0,"ENSG00000060982"
0,0,0,0,0,"ENSG00000122870"
0,0,0,0,0,"ENSG00000095585"
0,0,0,0,0,"ENSG00000173068"
0,0,0,0,0,"ENSG00000112276"
0,0,0,0,0,"ENSG00000204740"
0,0,0,0,0,"ENSG00000148803"
0,0,0,0,0,"ENSG00000110427"
0,0,0,0,0,"ENSG00000205177"
0,0,0,0,0,"ENSG00000165935"
0,0,0,0,0,"ENSG00000111863"
0,0,0,0,0,"ENSG00000162949"
0,0,0,0,0,"ENSG00000203697"
0,0,0,0,0,"ENSG00000256812"
0,0,0,0,0,"ENSG00000132357"
0,0,0,0,0,"ENSG00000105974"
0,0,0,0,0,"ENSG00000105971"
0,0,0,0,0,"ENSG00000149231"
0,0,0,0,0,"ENSG00000115009"
0,0,0,0,0,"ENSG00000006606"
0,0,0,0,0,"ENSG00000133101"
0,0,0,0,0,"ENSG00000204936"
0,0,0,0,0,"ENSG00000120217"
0,0,0,0,0,"ENSG00000158825"
0,0,0,0,0,"ENSG00000138135"
0,0,0,0,0,"ENSG00000134873"
0,0,0,0,0,"ENSG00000165215"
0,0,0,0,0,"ENSG00000166250"
0,0,0,0,0,"ENSG00000119865"
0,0,0,0,0,"ENSG00000154529"
0,0,0,0,0,"ENSG00000134871"
0,0,0,0,0,"ENSG00000158516"
0,0,0,0,0,"ENSG00000164400"
0,0,0,0,0,"ENSG00000173335"
0,0,0,0,0,"ENSG00000169862"
0,0,0,0,0,"ENSG00000081041"
0,0,0,0,0,"ENSG00000163734"
0,0,0,0,0,"ENSG00000144476"
0,0,0,0,0,"ENSG00000184785"
0,0,0,0,0,"ENSG00000140459"
0,0,0,0,0,"ENSG00000135929"
0,0,0,0,0,"ENSG00000166265"
0,0,0,0,0,"ENSG00000006377"
0,0,0,0,0,"ENSG00000197635"
0,0,0,0,0,"ENSG00000143196"
0,0,0,0,0,"ENSG00000134874"
0,0,0,0,0,"ENSG00000164176"
0,0,0,0,0,"ENSG00000213130"
0,0,0,0,0,"ENSG00000034239"
0,0,0,0,0,"ENSG00000155970"
0,0,0,0,0,"ENSG00000164318"
0,0,0,0,0,"ENSG00000049283"
0,0,0,0,0,"ENSG00000173040"
0,0,0,0,0,"ENSG00000148468"
0,0,0,0,0,"ENSG00000078098"
0,0,0,0,0,"ENSG00000101311"
0,0,0,0,0,"ENSG00000151702"
0,0,0,0,0,"ENSG00000185070"
0,0,0,0,0,"ENSG00000129514"
0,0,0,0,0,"ENSG00000054598"
0,0,0,0,0,"ENSG00000164379"
0,0,0,0,0,"ENSG00000150893"
0,0,0,0,0,"ENSG00000163430"
0,0,0,0,0,"ENSG00000089356"
0,0,0,0,0,"ENSG00000102287"
0,0,0,0,0,"ENSG00000213376"
0,0,0,0,0,"ENSG00000117228"
0,0,0,0,0,"ENSG00000225492"
0,0,0,0,0,"ENSG00000074047"
0,0,0,0,0,"ENSG00000060558"
0,0,0,0,0,"ENSG00000180269"
0,0,0,0,0,"ENSG00000144230"
0,0,0,0,0,"ENSG00000183454"
0,0,0,0,0,"ENSG00000105464"
0,0,0,0,0,"ENSG00000174156"
0,0,0,0,0,"ENSG00000084207"
0,0,0,0,0,"ENSG00000070019"
0,0,0,0,0,"ENSG00000140511"
0,0,0,0,0,"ENSG00000156510"
0,0,0,0,0,"ENSG00000241106"
0,0,0,0,0,"ENSG00000134240"
0,0,0,0,0,"ENSG00000137965"
0,0,0,0,0,"ENSG00000119922"
0,0,0,0,0,"ENSG00000119917"
0,0,0,0,0,"ENSG00000184995"
0,0,0,0,0,"ENSG00000238271"
0,0,0,0,0,"ENSG00000174498"
0,0,0,0,0,"ENSG00000136231"
0,0,0,0,0,"ENSG00000167779"
0,0,0,0,0,"ENSG00000125538"
0,0,0,0,0,"ENSG00000164509"
0,0,0,0,0,"ENSG00000136244"
0,0,0,0,0,"ENSG00000169429"
0,0,0,0,0,"ENSG00000148798"
0,0,0,0,0,"ENSG00000149633"
0,0,0,0,0,"ENSG00000136883"
0,0,0,0,0,"ENSG00000188883"
0,0,0,0,0,"ENSG00000186081"
0,0,0,0,0,"ENSG00000212724"
0,0,0,0,0,"ENSG00000147036"
0,0,0,0,0,"ENSG00000183722"
0,0,0,0,0,"ENSG00000233532"
0,0,0,0,0,"ENSG00000113083"
0,0,0,0,0,"ENSG00000160886"
0,0,0,0,0,"ENSG00000165072"
0,0,0,0,0,"ENSG00000129680"
0,0,0,0,0,"ENSG00000005102"
0,0,0,0,0,"ENSG00000231269"
0,0,0,0,0,"ENSG00000207870"
0,0,0,0,0,"ENSG00000225206"
0,0,0,0,0,"ENSG00000171889"
0,0,0,0,0,"ENSG00000135324"
0,0,0,0,0,"ENSG00000178860"
0,0,0,0,0,"ENSG00000225045"
0,0,0,0,0,"ENSG00000205592"
0,0,0,0,0,"ENSG00000198788"
0,0,0,0,0,"ENSG00000117983"
0,0,0,0,0,"ENSG00000157502"
0,0,0,0,0,"ENSG00000170011"
0,0,0,0,0,"ENSG00000102452"
0,0,0,0,0,"ENSG00000067798"
0,0,0,0,0,"ENSG00000170935"
0,0,0,0,0,"ENSG00000078114"
0,0,0,0,0,"ENSG00000197168"
0,0,0,0,0,"ENSG00000091592"
0,0,0,0,0,"ENSG00000124785"
0,0,0,0,0,"ENSG00000070882"
0,0,0,0,0,"ENSG00000165899"
0,0,0,0,0,"ENSG00000204969"
0,0,0,0,0,"ENSG00000169174"
0,0,0,0,0,"ENSG00000197646"
0,0,0,0,0,"ENSG00000154678"
0,0,0,0,0,"ENSG00000134853"
0,0,0,0,0,"ENSG00000113721"
0,0,0,0,0,"ENSG00000121440"
0,0,0,0,0,"ENSG00000168490"
0,0,0,0,0,"ENSG00000204174"
0,0,0,0,0,"ENSG00000139174"
0,0,0,0,0,"ENSG00000135362"
0,0,0,0,0,"ENSG00000204528"
0,0,0,0,0,"ENSG00000105894"
0,0,0,0,0,"ENSG00000163661"
0,0,0,0,0,"ENSG00000172794"
0,0,0,0,0,"ENSG00000118849"
0,0,0,0,0,"ENSG00000168421"
0,0,0,0,0,"ENSG00000255794"
0,0,0,0,0,"ENSG00000212312"
0,0,0,0,0,"ENSG00000224594"
0,0,0,0,0,"ENSG00000188015"
0,0,0,0,0,"ENSG00000170989"
0,0,0,0,0,"ENSG00000177409"
0,0,0,0,0,"ENSG00000124935"
0,0,0,0,0,"ENSG00000124939"
0,0,0,0,0,"ENSG00000110484"
0,0,0,0,0,"ENSG00000075213"
0,0,0,0,0,"ENSG00000250722"
0,0,0,0,0,"ENSG00000197249"
0,0,0,0,0,"ENSG00000198879"
0,0,0,0,0,"ENSG00000145423"
0,0,0,0,0,"ENSG00000225383"
0,0,0,0,0,"ENSG00000072858"
0,0,0,0,0,"ENSG00000112246"
0,0,0,0,0,"ENSG00000198053"
0,0,0,0,0,"ENSG00000110436"
0,0,0,0,0,"ENSG00000144290"
0,0,0,0,0,"ENSG00000256870"
0,0,0,0,0,"ENSG00000115616"
0,0,0,0,0,"ENSG00000181804"
0,0,0,0,0,"ENSG00000019549"
0,0,0,0,0,"ENSG00000145335"
0,0,0,0,0,"ENSG00000120669"
0,0,0,0,0,"ENSG00000184985"
0,0,0,0,0,"ENSG00000196542"
0,0,0,0,0,"ENSG00000102359"
0,0,0,0,0,"ENSG00000126561"
0,0,0,0,0,"ENSG00000164744"
0,0,0,0,0,"ENSG00000157152"
0,0,0,0,0,"ENSG00000143469"
0,0,0,0,0,"ENSG00000147041"
0,0,0,0,0,"ENSG00000120156"
0,0,0,0,0,"ENSG00000106829"
0,0,0,0,0,"ENSG00000164438"
0,0,0,0,0,"ENSG00000144339"
0,0,0,0,0,"ENSG00000249992"
0,0,0,0,0,"ENSG00000164484"
0,0,0,0,0,"ENSG00000182107"
0,0,0,0,0,"ENSG00000120949"
0,0,0,0,0,"ENSG00000124191"
0,0,0,0,0,"ENSG00000145777"
0,0,0,0,0,"ENSG00000139865"
0,0,0,0,0,"ENSG00000182179"
0,0,0,0,0,"ENSG00000223791"
0,0,0,0,0,"ENSG00000196620"
0,0,0,0,0,"ENSG00000206538"
0,0,0,0,0,"ENSG00000026025"
0,0,0,0,0,"ENSG00000112299"
0,0,0,0,0,"ENSG00000170419"
0,0,0,0,0,"ENSG00000162078"
0,0,0,0,0,"ENSG00000152977"
0,0,0,0,0,"ENSG00000166432"
0,0,0,0,0,"ENSG00000145908"
0,0,0,0,0,"ENSG00000198046"
0,0,0,0,0,"ENSG00000187987"
0,0,0,0,0,"ENSG00000170476"
0,0,0,0,0,"ENSG00000187229"
0,0,0,0,0,"ENSG00000203635"
0,0,0,0,0,"ENSG00000204362"
0,0,0,0,0,"ENSG00000204792"
0,0,0,0,0,"ENSG00000204876"
0,0,0,0,0,"ENSG00000213225"
0,0,0,0,0,"ENSG00000214112"
0,0,0,0,0,"ENSG00000223485"
0,0,0,0,0,"ENSG00000223823"
0,0,0,0,0,"ENSG00000224397"
0,0,0,0,0,"ENSG00000225269"
0,0,0,0,0,"ENSG00000225942"
0,0,0,0,0,"ENSG00000226852"
0,0,0,0,0,"ENSG00000226945"
0,0,0,0,0,"ENSG00000227496"
0,0,0,0,0,"ENSG00000227959"
0,0,0,0,0,"ENSG00000228613"
0,0,0,0,0,"ENSG00000228742"
0,0,0,0,0,"ENSG00000229081"
0,0,0,0,0,"ENSG00000229352"
0,0,0,0,0,"ENSG00000229656"
0,0,0,0,0,"ENSG00000230812"
0,0,0,0,0,"ENSG00000231482"
0,0,0,0,0,"ENSG00000232124"
0,0,0,0,0,"ENSG00000232759"
0,0,0,0,0,"ENSG00000232769"
0,0,0,0,0,"ENSG00000233117"
0,0,0,0,0,"ENSG00000233817"
0,0,0,0,0,"ENSG00000234147"
0,0,0,0,0,"ENSG00000234155"
0,0,0,0,0,"ENSG00000234261"
0,0,0,0,0,"ENSG00000234382"
0,0,0,0,0,"ENSG00000234460"
0,0,0,0,0,"ENSG00000235385"
0,0,0,0,0,"ENSG00000236098"
0,0,0,0,0,"ENSG00000237187"
0,0,0,0,0,"ENSG00000237596"
0,0,0,0,0,"ENSG00000237870"
0,0,0,0,0,"ENSG00000237930"
0,0,0,0,0,"ENSG00000238120"
0,0,0,0,0,"ENSG00000240476"
0,0,0,0,0,"ENSG00000242147"
0,0,0,0,0,"ENSG00000245857"
0,0,0,0,0,"ENSG00000249267"
0,0,0,0,0,"ENSG00000250159"
0,0,0,0,0,"ENSG00000251196"
0,0,0,0,0,"ENSG00000253339"
0,0,0,0,0,"ENSG00000253522"
0,0,0,0,0,"ENSG00000253554"
0,0,0,0,0,"ENSG00000254639"
0,0,0,0,0,"ENSG00000254667"
0,0,0,0,0,"ENSG00000254864"
0,0,0,0,0,"ENSG00000255065"
0,0,0,0,0,"ENSG00000255090"
0,0,0,0,0,"ENSG00000255373"
0,0,0,0,0,"ENSG00000255774"
0,0,0,0,0,"ENSG00000256128"
0,0,0,0,0,"ENSG00000256268"
0,0,0,0,0,"ENSG00000256751"
0,0,0,0,0,"ENSG00000256955"
0,0,0,0,0,"ENSG00000257398"
0,0,0,0,0,"ENSG00000257718"
0,0,0,0,0,"ENSG00000257732"
0,0,0,0,0,"ENSG00000257989"
0,0,0,0,0,"ENSG00000258082"
0,0,0,0,0,"ENSG00000258616"
0,0,0,0,0,"ENSG00000259264"
0,0,0,0,0,"ENSG00000259977"
0,0,0,0,0,"ENSG00000260432"
0,0,0,0,0,"ENSG00000260523"
0,0,0,0,0,"ENSG00000260833"
0,0,0,0,0,"ENSG00000260971"
0,0,0,0,0,"ENSG00000261235"
0,0,0,0,0,"ENSG00000261400"
0,0,0,0,0,"ENSG00000261468"
0,0,0,0,0,"ENSG00000261538"
0,0,0,0,0,"ENSG00000261664"
0,0,0,0,0,"ENSG00000261730"
0,0,0,0,0,"ENSG00000261780"
